{
  "lol": {
    "title": "LoL",
    "image": "img/w8tchpresentation.jpg",
    "text": "What an amazing work!"
  },
  "lol1": {
    "title": "LoL",
    "image": "img/w8tchpresentation.jpg",
    "text": "What an amazing work!"
  },
  "lol2": {
    "title": "LoL",
    "image": "img/w8tchpresentation.jpg",
    "text": "What an amazing work!"
  },
  "lol3": {
    "title": "LoL",
    "image": "img/w8tchpresentation.jpg",
    "text": "What an amazing work!"
  },
  "lol4": {
    "title": "LoL",
    "image": "img/w8tchpresentation.jpg",
    "text": "What an amazing work!"
  },
  "lol5": {
    "title": "LoL",
    "image": "img/w8tchpresentation.jpg",
    "text": "What an amazing work!"
  },
  "lol6": {
    "title": "LoL",
    "image": "img/w8tchpresentation.jpg",
    "text": "What an amazing work!"
  },
  "lol7": {
    "title": "LoL",
    "image": "img/w8tchpresentation.jpg",
    "text": "What an amazing work!"
  },
  "lol8": {
    "title": "LoL",
    "image": "img/w8tchpresentation.jpg",
    "text": "What an amazing work!"
  }
}